leaflet_name,url,source
About Breast Cancer Now,https://breastcancernow.org/download-and-order-publications/about-breast-cancer-now-bcn-about,Breast Cancer Now
After breast cancer treatment: what now?,https://breastcancernow.org/download-and-order-publications/after-breast-cancer-treatment-what-now-bcc169,Breast Cancer Now
Anastrozole,https://breastcancernow.org/download-and-order-publications/anastrozole-bcc31,Breast Cancer Now
Breast calcifications,https://breastcancernow.org/download-and-order-publications/breast-calcifications-bcc77,Breast Cancer Now
Breast cancer and hair loss,https://breastcancernow.org/download-and-order-publications/breast-cancer-and-hair-loss-bcc54,Breast Cancer Now
Breast cancer during and after pregnancy,https://breastcancernow.org/download-and-order-publications/breast-cancer-during-and-one-year-after-pregnancy-bcc25,Breast Cancer Now
Breast cancer in men,https://breastcancernow.org/download-and-order-publications/breast-cancer-in-men-bcn260,Breast Cancer Now
Breast cancer in younger women,https://breastcancernow.org/download-and-order-publications/breast-cancer-in-younger-women-bcc66,Breast Cancer Now
Breast Cancer Now Helpline cards – pack of 50,https://breastcancernow.org/download-and-order-publications/breast-cancer-now-helpline-cards-pack-of-50-bcc371,Breast Cancer Now
Breast cysts,https://breastcancernow.org/download-and-order-publications/breast-cysts-bcc73,Breast Cancer Now
Breast pain,https://breastcancernow.org/download-and-order-publications/breast-pain-bcc71,Breast Cancer Now
"Breast prostheses, bras and clothes after surgery",https://breastcancernow.org/download-and-order-publications/breast-prostheses-bras-and-clothes-after-surgery-bcc123,Breast Cancer Now
Bcn 704 About Bcn Who We Are Leaflet 2024,https://breastcancernow.org/media-assets/0nlld0ur/bcn_704_about-bcn-who-we-are-leaflet-2024.pdf,Breast Cancer Now
Bcc169 After Breast Cancer What Now 2025 Web,https://breastcancernow.org/media-assets/0onp3nzi/bcc169-after-breast-cancer-what-now-2025-web.pdf,Breast Cancer Now
Bcc31 Anastrozole 2022 Web Pdf,https://breastcancernow.org/media-assets/nuvlv3tl/bcc31-anastrozole-2022-web-pdf.pdf,Breast Cancer Now
Bcc77 Breast Calcifications Web,https://breastcancernow.org/media-assets/gn5fd3pv/bcc77-breast-calcifications-web.pdf,Breast Cancer Now
Bcc54 Breast Cancer And Hairloss 2023 Web Pdf,https://breastcancernow.org/media-assets/eynbyaog/bcc54-breast-cancer-and-hairloss-2023-web-pdf.pdf,Breast Cancer Now
Bcc25 Breast Cancer During And After Pregnancy Web,https://breastcancernow.org/media-assets/roelmwld/bcc25-breast-cancer-during-and-after-pregnancy-web.pdf,Breast Cancer Now
Bcn260 Breast Cancer In Men Web,https://breastcancernow.org/media-assets/bbjli4v3/bcn260-breast-cancer-in-men-web.pdf,Breast Cancer Now
Bcc66 Breast Cancer In Younger Women Web,https://breastcancernow.org/media-assets/o22jw1el/bcc66-breast-cancer-in-younger-women-web.pdf,Breast Cancer Now
Bcc73 Breast Cysts Web Pdf,https://breastcancernow.org/media-assets/3jijtnek/bcc73-breast-cysts-web-pdf.pdf,Breast Cancer Now
Bcc71 Breast Pain Web 2025 New Address,https://breastcancernow.org/media-assets/frdl4pgh/bcc71-breast-pain-web-2025-new-address.pdf,Breast Cancer Now
Bcc123 Breast Prostheses Bras And Clothes Web Pdf,https://breastcancernow.org/media-assets/ul1fbeev/bcc123-breast-prostheses-bras-and-clothes-web-pdf.pdf,Breast Cancer Now
Breast reconstruction,https://breastcancernow.org/download-and-order-publications/breast-reconstruction-bcc7,Breast Cancer Now
Capecitabine (Xeloda),https://breastcancernow.org/download-and-order-publications/capecitabine-xeloda-bcc121,Breast Cancer Now
Caring for someone with secondary breast cancer,https://breastcancernow.org/download-and-order-publications/caring-for-someone-with-secondary-breast-cancer,Breast Cancer Now
Changes to be aware of after breast cancer,https://breastcancernow.org/download-and-order-publications/changes-to-be-aware-of-after-breast-cancer-bcn402,Breast Cancer Now
Chemotherapy for breast cancer,https://breastcancernow.org/download-and-order-publications/chemotherapy-for-breast-cancer-bcc17,Breast Cancer Now
Diagnosed with breast cancer: what now?,https://breastcancernow.org/download-and-order-publications/diagnosed-with-breast-cancer-what-now-bcc44,Breast Cancer Now
Diet and breast cancer,https://breastcancernow.org/download-and-order-publications/diet-and-breast-cancer-bcc98,Breast Cancer Now
Docetaxel (Taxotere),https://breastcancernow.org/download-and-order-publications/docetaxel-taxotere-bcc35,Breast Cancer Now
Duct ectasia,https://breastcancernow.org/download-and-order-publications/duct-ectasia-bcc82,Breast Cancer Now
Ductal carcinoma in situ (DCIS),https://breastcancernow.org/download-and-order-publications/ductal-carcinoma-in-situ-dcis-bcc39,Breast Cancer Now
Easy read - Diagnosed with primary breast cancer,https://breastcancernow.org/download-and-order-publications/easy-read-diagnosed-with-primary-breast-cancer-bcn255,Breast Cancer Now
Easy read - Surgery for primary breast cancer,https://breastcancernow.org/download-and-order-publications/easy-read-surgery-for-primary-breast-cancer-bcn256,Breast Cancer Now
Bcc7 Breast Reconstruction Booklet 2024 Web,https://breastcancernow.org/media-assets/sukbr2u0/bcc7-breast-reconstruction-booklet-2024-web.pdf,Breast Cancer Now
Bcc121 Capecitabine Web,https://breastcancernow.org/media-assets/3l2fo4lw/bcc121-capecitabine-web.pdf,Breast Cancer Now
Caring For Someone With Sbc Web Pdf,https://breastcancernow.org/media-assets/l4onbt1h/caring-for-someone-with-sbc-web-pdf.pdf,Breast Cancer Now
Bcn402 Changes To Be Aware Of After Breast Cancer,https://breastcancernow.org/media-assets/3xvpi401/bcn402_changes_to_be_aware_of_after_breast_cancer.pdf,Breast Cancer Now
Bcc17 Chemotherapy For Breast Cancer Web,https://breastcancernow.org/media-assets/fbjhgc43/bcc17-chemotherapy-for-breast-cancer-web.pdf,Breast Cancer Now
Bcc44 Diagnosed With Breast Cancer What Now Web,https://breastcancernow.org/media-assets/eifpjze2/bcc44-diagnosed-with-breast-cancer-what-now-web.pdf,Breast Cancer Now
Bcc98 Diet And Breast Cancer Web,https://breastcancernow.org/media-assets/kgbi1gok/bcc98-diet-and-breast-cancer-web.pdf,Breast Cancer Now
Bcc35 Docetaxel Web,https://breastcancernow.org/media-assets/i3aeu33j/bcc35-docetaxel-web.pdf,Breast Cancer Now
Bcc82 Duct Ectasia 2023 Web Pdf,https://breastcancernow.org/media-assets/qdsb342a/bcc82-duct-ectasia-2023-web-pdf.pdf,Breast Cancer Now
Bcc39 Dcis Web,https://breastcancernow.org/media-assets/3ezllptp/bcc39-dcis-web.pdf,Breast Cancer Now
Bcn255 Easy Read Diagnosed With Primary Breast Cancer Web Pdf,https://breastcancernow.org/media-assets/oarfeaug/bcn255-easy-read-diagnosed-with-primary-breast-cancer-web-pdf.pdf,Breast Cancer Now
Bcn256 Easy Read Surgery For Primary Breast Cancer Web Pdf,https://breastcancernow.org/media-assets/eygovflu/bcn256-easy-read-surgery-for-primary-breast-cancer-web-pdf.pdf,Breast Cancer Now
EC-T Chemotherapy,https://breastcancernow.org/download-and-order-publications/ec-t-chemotherapy-bcn249,Breast Cancer Now
Exemestane,https://breastcancernow.org/download-and-order-publications/exemestane-bcc46,Breast Cancer Now
Exercises after breast cancer surgery,https://breastcancernow.org/download-and-order-publications/exercises-after-breast-cancer-surgery-bcc6,Breast Cancer Now
Family history of breast cancer: managing your risk,https://breastcancernow.org/download-and-order-publications/family-history-of-breast-cancer-managing-your-risk-bcn244,Breast Cancer Now
Fat necrosis,https://breastcancernow.org/download-and-order-publications/fat-necrosis-bcc76,Breast Cancer Now
"Fertility, pregnancy and breast cancer",https://breastcancernow.org/download-and-order-publications/fertility-pregnancy-and-breast-cancer-bcc28,Breast Cancer Now
Fibroadenoma,https://breastcancernow.org/download-and-order-publications/fibroadenoma-bcc72,Breast Cancer Now
Goserelin (Zoladex),https://breastcancernow.org/download-and-order-publications/goserelin-zoladex-bcc33,Breast Cancer Now
Gynaecomastia,https://breastcancernow.org/download-and-order-publications/gynaecomastia-bcc155,Breast Cancer Now
Hyperplasia and atypical hyperplasia,https://breastcancernow.org/download-and-order-publications/hyperplasia-and-atypical-hyperplasia-bcc78,Breast Cancer Now
Inflammatory breast cancer,https://breastcancernow.org/download-and-order-publications/inflammatory-breast-cancer-bcc23,Breast Cancer Now
Intraductal papilloma,https://breastcancernow.org/download-and-order-publications/intraductal-papilloma-bcc79,Breast Cancer Now
Bcn249 Ec T Chemotherapy Web,https://breastcancernow.org/media-assets/gm4lhdpb/bcn249-ec-t-chemotherapy-web.pdf,Breast Cancer Now
Bcc46 Exemestane 2022 Web Pdf,https://breastcancernow.org/media-assets/rqabaq5y/bcc46-exemestane-2022-web-pdf.pdf,Breast Cancer Now
Bcc6 Excercises After Breast Cancer Surgery Web Pdf,https://breastcancernow.org/media-assets/dmbpk1rz/bcc6-excercises-after-breast-cancer-surgery-web-pdf.pdf,Breast Cancer Now
Bcn244 Family History Web,https://breastcancernow.org/media-assets/kukptpyg/bcn244-family-history-web.pdf,Breast Cancer Now
Bcc76 Fat Necrosis Web,https://breastcancernow.org/media-assets/4udaixqz/bcc76-fat-necrosis-web.pdf,Breast Cancer Now
Bcc28 Fertility Pregnancy And Breast Cancer Web,https://breastcancernow.org/media-assets/pyck233u/bcc28-fertility-pregnancy-and-breast-cancer-web.pdf,Breast Cancer Now
Bcc72 Fibroadenoma Web 2025,https://breastcancernow.org/media-assets/b1bn5qop/bcc72-fibroadenoma-web-2025.pdf,Breast Cancer Now
Bcc33 Goserelin Web Pdf,https://breastcancernow.org/media-assets/rvvjnvys/bcc33-goserelin-web-pdf.pdf,Breast Cancer Now
Bcc155 Gynaecomastia Web Pdf,https://breastcancernow.org/media-assets/ipghjmsa/bcc155-gynaecomastia-web-pdf.pdf,Breast Cancer Now
Bcc78 Hyperplasia And Atypical Hyperplasia 2025 Web,https://breastcancernow.org/media-assets/p0blqz5e/bcc78-hyperplasia-and-atypical-hyperplasia-2025-web.pdf,Breast Cancer Now
Bcc23 Inflammatory Breast Cancer Web 2025 New Address,https://breastcancernow.org/media-assets/qdif1hl3/bcc23-inflammatory-breast-cancer-web-2025-new-address.pdf,Breast Cancer Now
Bcc79 Intraductal Papilloma Final Web Pdf,https://breastcancernow.org/media-assets/gnyl1pkz/bcc79-intraductal-papilloma-final-web-pdf.pdf,Breast Cancer Now
Invasive breast cancer (no special type),https://breastcancernow.org/download-and-order-publications/invasive-breast-cancer-no-special-type-bcc210,Breast Cancer Now
Invasive lobular breast cancer,https://breastcancernow.org/download-and-order-publications/invasive-lobular-breast-cancer-bcc45,Breast Cancer Now
"Know your breasts: a quick guide, Arabic",https://breastcancernow.org/download-and-order-publications/know-your-breasts-quick-guide-arabic-bcc227,Breast Cancer Now
"Know your breasts: a quick guide, Bengali",https://breastcancernow.org/download-and-order-publications/know-your-breasts-quick-guide-bengali-bcc217,Breast Cancer Now
"Know your breasts: a quick guide, French",https://breastcancernow.org/download-and-order-publications/know-your-breasts-quick-guide-french-bcc237,Breast Cancer Now
"Know your breasts: a quick guide, Gujarati",https://breastcancernow.org/download-and-order-publications/know-your-breasts-quick-guide-gujarati-bcc219,Breast Cancer Now
"Know your breasts: a quick guide, Hindi",https://breastcancernow.org/download-and-order-publications/know-your-breasts-quick-guide-hindi-bcc218,Breast Cancer Now
"Know your breasts: a quick guide, Polish",https://breastcancernow.org/download-and-order-publications/know-your-breasts-quick-guide-polish-bcn241,Breast Cancer Now
"Know your breasts: a quick guide, Portuguese",https://breastcancernow.org/download-and-order-publications/know-your-breasts-quick-guide-portuguese-bcn245,Breast Cancer Now
"Know your breasts: a quick guide, Punjabi",https://breastcancernow.org/download-and-order-publications/know-your-breasts-quick-guide-punjabi-bcc226,Breast Cancer Now
"Know your breasts: a quick guide, Romanian",https://breastcancernow.org/download-and-order-publications/know-your-breasts-quick-guide-romanian-bcn242,Breast Cancer Now
"Know your breasts: a quick guide, Simplified Chinese",https://breastcancernow.org/download-and-order-publications/know-your-breasts-quick-guide-simplified-chinese-bcn243,Breast Cancer Now
Invasive Breast Cancer Nst Bcc210 Web,https://breastcancernow.org/media-assets/irhhrq2y/invasive-breast-cancer-nst-bcc210-web.pdf,Breast Cancer Now
Bcc45 Invasive Lobular Breast Cancer Web Pdf,https://breastcancernow.org/media-assets/c0qj4mpi/bcc45-invasive-lobular-breast-cancer-web-pdf.pdf,Breast Cancer Now
Bcc227 Arabic Know Your Breasts 2022 Web Pdf,https://breastcancernow.org/media-assets/xwwnuu4s/bcc227-arabic-know-your-breasts-2022-web-pdf.pdf,Breast Cancer Now
Bcc217 Bengali Know Your Breasts 2022 Web Pdf,https://breastcancernow.org/media-assets/h1ykoxrm/bcc217-bengali-know-your-breasts-2022-web-pdf.pdf,Breast Cancer Now
Bcc237 French Know Your Breasts 2022 Web Pdf,https://breastcancernow.org/media-assets/4fthi23q/bcc237-french-know-your-breasts-2022-web-pdf.pdf,Breast Cancer Now
Bcc219 Gujarati Know Your Breasrs 2022 Web Pdf,https://breastcancernow.org/media-assets/ycanxjdy/bcc219-gujarati-know-your-breasrs-2022-web-pdf.pdf,Breast Cancer Now
Bcc218 Hindi Know Your Breasts 2022 Web Pdf,https://breastcancernow.org/media-assets/ru5b01rn/bcc218-hindi-know-your-breasts-2022-web-pdf.pdf,Breast Cancer Now
Bcn241 Polish Know Your Breasts 2022 Web Pdf,https://breastcancernow.org/media-assets/niibaozl/bcn241-polish-know-your-breasts-2022-web-pdf.pdf,Breast Cancer Now
Bcn245 Portuguese Know Your Breasts 2022 Web Pdf,https://breastcancernow.org/media-assets/0nddcemz/bcn245-portuguese-know-your-breasts-2022-web-pdf.pdf,Breast Cancer Now
Bcc226 Punjabi Know Your Breasts Web Pdf,https://breastcancernow.org/media-assets/44lp0yfp/bcc226-punjabi-know-your-breasts-web-pdf.pdf,Breast Cancer Now
Bcn242 Romanian Know Your Breasts 2022 Web Pdf,https://breastcancernow.org/media-assets/dxth4ttt/bcn242-romanian-know-your-breasts-2022-web-pdf.pdf,Breast Cancer Now
Bcn243 Simplified Chinese Know Your Breasts 2022 Web Pdf,https://breastcancernow.org/media-assets/qv1jpfwr/bcn243-simplified-chinese-know-your-breasts-2022-web-pdf.pdf,Breast Cancer Now
"Know your breasts: a quick guide, Somali",https://breastcancernow.org/download-and-order-publications/know-your-breasts-quick-guide-somali-bcn264,Breast Cancer Now
"Know your breasts: a quick guide, Spanish",https://breastcancernow.org/download-and-order-publications/know-your-breasts-quick-guide-spanish-bcn246,Breast Cancer Now
"Know your breasts: a quick guide, Urdu",https://breastcancernow.org/download-and-order-publications/know-your-breasts-quick-guide-urdu-bcc216,Breast Cancer Now
"Know your breasts: a quick guide, Welsh",https://breastcancernow.org/download-and-order-publications/know-your-breasts-quick-guide-welsh-bcc215,Breast Cancer Now
Know your breasts quick guide,https://breastcancernow.org/download-and-order-publications/know-your-breasts-quick-guide-bcc211,Breast Cancer Now
"Know your breasts: a quick guide, Ukrainian",https://breastcancernow.org/download-and-order-publications/know-your-breasts-quick-guide-ukrainian-bcn254,Breast Cancer Now
Know your breasts: a guide to breast awareness and screening,https://breastcancernow.org/download-and-order-publications/know-your-breasts-a-guide-to-breast-awareness-and-screening-bcc2,Breast Cancer Now
Letrozole,https://breastcancernow.org/download-and-order-publications/letrozole-bcc64,Breast Cancer Now
Living with Secondary Breast Cancer information leaflet,https://breastcancernow.org/download-and-order-publications/living-with-secondary-breast-cancer-information-leaflet-bcn409,Breast Cancer Now
Lobular neoplasia,https://breastcancernow.org/download-and-order-publications/lobular-neoplasia-bcc126,Breast Cancer Now
Managing lymphoedema after breast cancer,https://breastcancernow.org/download-and-order-publications/managing-lymphoedema-after-breast-cancer-bcc5,Breast Cancer Now
Menopausal symptoms and breast cancer,https://breastcancernow.org/download-and-order-publications/menopausal-symptoms-and-breast-cancer-bcc18,Breast Cancer Now
Bcn264 Know Your Breasts Flatsheet Somali,https://breastcancernow.org/media-assets/xp2fmp0q/bcn264-know-your-breasts-flatsheet-somali.pdf,Breast Cancer Now
Bcn246 Spanish Know Your Breasts 2022 Web Pdf,https://breastcancernow.org/media-assets/r4nfgmje/bcn246-spanish-know-your-breasts-2022-web-pdf.pdf,Breast Cancer Now
Bcc216 Urdu Know Your Breasts 2022 Web Pdf,https://breastcancernow.org/media-assets/iy0fpkaw/bcc216-urdu-know-your-breasts-2022-web-pdf.pdf,Breast Cancer Now
Bcc215 Know Your Breasts Flatsheet Welsh,https://breastcancernow.org/media-assets/xrroy5ee/bcc215-know-your-breasts-flatsheet-welsh.pdf,Breast Cancer Now
Bcc211 Know Your Breasts Miniguide Web New Address,https://breastcancernow.org/media-assets/hdajq4db/bcc211-know-your-breasts-miniguide-web-new-address.pdf,Breast Cancer Now
Bcn254 Ukrainian Know Your Breasts 2022 Web Pdf,https://breastcancernow.org/media-assets/bufjbira/bcn254-ukrainian-know-your-breasts-2022-web-pdf.pdf,Breast Cancer Now
Bcc2 Know Your Breasts Booklet Web,https://breastcancernow.org/media-assets/a42lqocx/bcc2-know-your-breasts-booklet-web.pdf,Breast Cancer Now
Bcc64 Letrozole 2022 Web Pdf,https://breastcancernow.org/media-assets/zdpdkzbt/bcc64-letrozole-2022-web-pdf.pdf,Breast Cancer Now
Bcn New 0424 Services Marketing Lwsbc Sept 2022 Version Pdf,https://breastcancernow.org/media-assets/dbfosfoz/bcn_new_0424_services_marketing_lwsbc_sept_2022_version_pdf.pdf,Breast Cancer Now
Bcc126 Lobular Neoplasia Web Pdf,https://breastcancernow.org/media-assets/wgwhq1u1/bcc126-lobular-neoplasia-web-pdf.pdf,Breast Cancer Now
Bbc5 Managing Lymphoedema After Breast Cancer Web Pdf,https://breastcancernow.org/media-assets/45bpsmyd/bbc5-managing-lymphoedema-after-breast-cancer-web-pdf.pdf,Breast Cancer Now
Bcc18 Menopausal Symptoms And Breast Cancer 2023 Web Pdf,https://breastcancernow.org/media-assets/eego2v1j/bcc18-menopausal-symptoms-and-breast-cancer-2023-web-pdf.pdf,Breast Cancer Now
Moving forward course book,https://breastcancernow.org/download-and-order-publications/moving-forward-course-book-bcn257,Breast Cancer Now
Moving Forward information leaflet,https://breastcancernow.org/download-and-order-publications/moving-forward-information-leaflet-bcn408,Breast Cancer Now
Moving Forward: for people living with and beyond breast cancer,https://breastcancernow.org/download-and-order-publications/moving-forward-for-people-living-with-and-beyond-breast-cancer-bcc197,Breast Cancer Now
Mummy's Lump,https://breastcancernow.org/download-and-order-publications/mummys-lump-bcc164,Breast Cancer Now
Our Publications,https://breastcancernow.org/download-and-order-publications/our-publications-bcn259,Breast Cancer Now
Paclitaxel (Taxol),https://breastcancernow.org/download-and-order-publications/paclitaxel-taxol-bcc34,Breast Cancer Now
Periductal mastitis,https://breastcancernow.org/download-and-order-publications/periductal-mastitis-bcc154,Breast Cancer Now
Phesgo (pertuzumab and trastuzumab),https://breastcancernow.org/download-and-order-publications/pertuzumab-perjeta-bcc235,Breast Cancer Now
Public Health talks poster,https://breastcancernow.org/download-and-order-publications/public-health-talks-poster-a4,Breast Cancer Now
Public Health talks poster,https://breastcancernow.org/download-and-order-publications/public-health-talks-poster-a5,Breast Cancer Now
Radiotherapy for primary breast cancer,https://breastcancernow.org/download-and-order-publications/radiotherapy-for-primary-breast-cancer-bcc26,Breast Cancer Now
Reducing the risk of lymphoedema,https://breastcancernow.org/download-and-order-publications/reducing-the-risk-of-lymphoedema-bcc15,Breast Cancer Now
Bcn 408 Updated Moving Forward Booklet Final,https://breastcancernow.org/media-assets/cycblwbu/bcn_408_updated-moving-forward-booklet_final.pdf,Breast Cancer Now
Bcc197 Moving Forward Web Pdf,https://breastcancernow.org/media-assets/u53ppcgk/bcc197-moving-forward-web-pdf.pdf,Breast Cancer Now
Mummys Lump 2015 Web,https://breastcancernow.org/media-assets/1khf05fy/mummys-lump_2015_web.pdf,Breast Cancer Now
Bcn259 Our Publications Flyer November 2025 Web,https://breastcancernow.org/media-assets/z4hnpini/bcn259-our-publications-flyer-november-2025-web.pdf,Breast Cancer Now
Bcc34 Paclitaxel Web,https://breastcancernow.org/media-assets/bh5jfiol/bcc34-paclitaxel-web.pdf,Breast Cancer Now
Bcc154 Periductal Mastitis 2025 Web,https://breastcancernow.org/media-assets/1hup20xn/bcc154-periductal-mastitis-2025-web.pdf,Breast Cancer Now
Bcn265 Phesgo Pertuzumab And Trastuzumab Web,https://breastcancernow.org/media-assets/cuklgpgm/bcn265-phesgo-pertuzumab-and-trastuzumab-web.pdf,Breast Cancer Now
Bcn 532 Public Health Talks Poster A4 01,https://breastcancernow.org/media-assets/gs5hsacg/bcn_532_public_health_talks_poster_a4_01.pdf,Breast Cancer Now
Bcn 532 Public Health Talks Poster A5 01,https://breastcancernow.org/media-assets/fmvo4se4/bcn_532_public_health_talks_poster_a5_01.pdf,Breast Cancer Now
Bcc26 Radiotherapy For Primary Breast Cancer Web Pdf,https://breastcancernow.org/media-assets/zvfnhgn1/bcc26-radiotherapy-for-primary-breast-cancer-web-pdf.pdf,Breast Cancer Now
Bbc15 Reducing The Risk Of Lymphoedema Web Pdf,https://breastcancernow.org/media-assets/4icd5jsj/bbc15-reducing-the-risk-of-lymphoedema-web-pdf.pdf,Breast Cancer Now
Reducing your risk of breast cancer,https://breastcancernow.org/download-and-order-publications/reducing-your-risk-of-breast-cancer-bcn240,Breast Cancer Now
Sclerosing lesions of the breast,https://breastcancernow.org/download-and-order-publications/sclerosing-lesions-of-the-breast-bcc80,Breast Cancer Now
Secondary breast cancer in the bone,https://breastcancernow.org/download-and-order-publications/secondary-breast-cancer-in-the-bone-bcc30,Breast Cancer Now
Secondary breast cancer in the brain,https://breastcancernow.org/download-and-order-publications/secondary-breast-cancer-in-the-brain-bcc56,Breast Cancer Now
Secondary breast cancer in the liver,https://breastcancernow.org/download-and-order-publications/secondary-breast-cancer-in-the-liver-bcc36,Breast Cancer Now
Secondary breast cancer in the lung,https://breastcancernow.org/download-and-order-publications/secondary-breast-cancer-in-the-lung-bcc40,Breast Cancer Now
Secondary breast cancer information pack,https://breastcancernow.org/download-and-order-publications/secondary-breast-cancer-information-pack-bcc173,Breast Cancer Now
Secondary breast cancer personal organiser,https://breastcancernow.org/download-and-order-publications/secondary-breast-cancer-personal-organiser-bcc236,Breast Cancer Now
Signs and symptoms of breast cancer recurrence infographic,https://breastcancernow.org/download-and-order-publications/signs-and-symptoms-of-breast-cancer-recurrence-infographic-bcn003,Breast Cancer Now
Signs and symptoms of secondary breast cancer infographic,https://breastcancernow.org/download-and-order-publications/signs-and-symptoms-of-secondary-breast-cancer-infographic-bcn002,Breast Cancer Now
Signs and symptoms of secondary breast cancer progression,https://breastcancernow.org/download-and-order-publications/signs-and-symptoms-of-secondary-breast-cancer-progression-bcn258,Breast Cancer Now
Support for you - Primary,https://breastcancernow.org/download-and-order-publications/support-for-you-primary-breast-cancer-bcn400,Breast Cancer Now
Bcn240 Reducing Your Risk Of Breast Cancer Web,https://breastcancernow.org/media-assets/xhzihtmf/bcn240-reducing-your-risk-of-breast-cancer-web.pdf,Breast Cancer Now
Bcc80 Sclerosing Lesions Of The Breast Web Pdf,https://breastcancernow.org/media-assets/1v2jfpzy/bcc80-sclerosing-lesions-of-the-breast-web-pdf.pdf,Breast Cancer Now
Bcc30 Secondary Breast Cancer In The Bone Web,https://breastcancernow.org/media-assets/cfbnzvs3/bcc30-secondary-breast-cancer-in-the-bone-web.pdf,Breast Cancer Now
Bcc56 Secondary Breast Cancer In The Brain Web Pdf,https://breastcancernow.org/media-assets/ifrosjoe/bcc56-secondary-breast-cancer-in-the-brain-web-pdf.pdf,Breast Cancer Now
Bcc36 Metastatic Secondary Breast Cancer In The Liver Web,https://breastcancernow.org/media-assets/k3shqwc1/bcc36-metastatic-secondary-breast-cancer-in-the-liver-web.pdf,Breast Cancer Now
Bcc40 Secondary Breast Cancer In The Lung Web,https://breastcancernow.org/media-assets/r4qh4eat/bcc40-secondary-breast-cancer-in-the-lung-web.pdf,Breast Cancer Now
Bcc173 Secondary Breast Cancer Resource Pack 2022 Web Pdf,https://breastcancernow.org/media-assets/44ribte5/bcc173-secondary-breast-cancer-resource-pack-2022-web-pdf.pdf,Breast Cancer Now
Bcc236 Secondary Breast Cancer Personal Organiser 2022 Web Pdf,https://breastcancernow.org/media-assets/2clfcgc3/bcc236-secondary-breast-cancer-personal-organiser-2022-web-pdf.pdf,Breast Cancer Now
Bcn003 Signs And Symptoms Of Breast Cancer Recurrence Infographic Web,https://breastcancernow.org/media-assets/kmujvftz/bcn003-signs-and-symptoms-of-breast-cancer-recurrence-infographic-web.pdf,Breast Cancer Now
Bcn002 Possible Signs Of Secondary Breast Cancer,https://breastcancernow.org/media-assets/psofclut/bcn002_possible_signs_of_secondary_breast_cancer.pdf,Breast Cancer Now
Bcn258 Signs And Symptoms Of Secondary Breast Cancer Progression 2023 Web,https://breastcancernow.org/media-assets/xdyfdree/bcn258-signs-and-symptoms-of-secondary-breast-cancer-progression-2023-web.pdf,Breast Cancer Now
Bcn400 Support For You Primary,https://breastcancernow.org/media-assets/41tbye0w/bcn400-support-for-you-primary.pdf,Breast Cancer Now
Support for you - Secondary,https://breastcancernow.org/download-and-order-publications/support-for-you-secondary-breast-cancer-bcn401,Breast Cancer Now
Tamoxifen,https://breastcancernow.org/download-and-order-publications/tamoxifen-bcc20,Breast Cancer Now
TLC A4 Infographic,https://breastcancernow.org/download-and-order-publications/tlc-a4-infographic-bcn001,Breast Cancer Now
TLC Infographic men,https://breastcancernow.org/download-and-order-publications/tlc-infographic-men-bcn261,Breast Cancer Now
TLC Postcard,https://breastcancernow.org/download-and-order-publications/tlc-postcard-bcn247,Breast Cancer Now
Trastuzumab,https://breastcancernow.org/download-and-order-publications/trastuzumab-bcc41,Breast Cancer Now
Treating primary breast cancer,https://breastcancernow.org/download-and-order-publications/treating-primary-breast-cancer-bcc4,Breast Cancer Now
"Treating primary breast cancer, Bengali",https://breastcancernow.org/download-and-order-publications/treating-primary-breast-cancer-bengali-bcn252,Breast Cancer Now
"Treating primary breast cancer, Polish",https://breastcancernow.org/download-and-order-publications/treating-primary-breast-cancer-polish-bcn250,Breast Cancer Now
"Treating primary breast cancer, Punjabi",https://breastcancernow.org/download-and-order-publications/treating-primary-breast-cancer-punjabi-bcn251,Breast Cancer Now
"Treating primary breast cancer, Urdu",https://breastcancernow.org/download-and-order-publications/treating-primary-breast-cancer-urdu-bcn253,Breast Cancer Now
Triple negative breast cancer,https://breastcancernow.org/download-and-order-publications/triple-negative-breast-cancer-bcn248,Breast Cancer Now
Bcn401,https://breastcancernow.org/media-assets/bftivx4r/bcn401.pdf,Breast Cancer Now
Bcc20 Tamoxifen Web,https://breastcancernow.org/media-assets/kr3dxbrf/bcc20-tamoxifen-web.pdf,Breast Cancer Now
Bcn001 Tlc Infographic All Skintones Web,https://breastcancernow.org/media-assets/wsih5ize/bcn001-tlc-infographic-all-skintones-web.pdf,Breast Cancer Now
Bcn261 Tlc 2024 Infographic Men Web,https://breastcancernow.org/media-assets/0qdjkkpi/bcn261-tlc-2024-infographic-men-web.pdf,Breast Cancer Now
Bcn247 2024 Non Gendered Postcard Web,https://breastcancernow.org/media-assets/5olfxpfx/bcn247-2024-non-gendered-postcard-web.pdf,Breast Cancer Now
Bcc41 Trastuzumab 2023 Web Pdf,https://breastcancernow.org/media-assets/leagrv1d/bcc41-trastuzumab-2023-web-pdf.pdf,Breast Cancer Now
Bcc4 Treating Primary Breast Cancer Web Pdf,https://breastcancernow.org/media-assets/gifdlbvr/bcc4-treating-primary-breast-cancer-web-pdf.pdf,Breast Cancer Now
Bcn252 Bengali Treating Primary Breast Cancer Web Pdf,https://breastcancernow.org/media-assets/0uukpxrg/bcn252-bengali-treating-primary-breast-cancer-web-pdf.pdf,Breast Cancer Now
Bcn250 Polish Treating Primary Breast Cancer Web Pdf,https://breastcancernow.org/media-assets/vw1hompc/bcn250-polish-treating-primary-breast-cancer-web-pdf.pdf,Breast Cancer Now
Bcc251 Punjabi Treating Primary Breast Cancer Web Pdf,https://breastcancernow.org/media-assets/iu4i2rsi/bcc251-punjabi-treating-primary-breast-cancer-web-pdf.pdf,Breast Cancer Now
Bcn253 Urdu Treating Primary Breast Cancer Web Pdf,https://breastcancernow.org/media-assets/rpxd5hsy/bcn253-urdu-treating-primary-breast-cancer-web-pdf.pdf,Breast Cancer Now
Bcn248 Triple Negative Breast Cancer Web Pdf,https://breastcancernow.org/media-assets/3evpxji3/bcn248-triple-negative-breast-cancer-web-pdf.pdf,Breast Cancer Now
Understanding your pathology results,https://breastcancernow.org/download-and-order-publications/understanding-your-pathology-results-bcc161,Breast Cancer Now
Vita - Issue 50 - Winter 2025,https://breastcancernow.org/download-and-order-publications/vita-issue-50-winter-2025,Breast Cancer Now
When your partner has breast cancer,https://breastcancernow.org/download-and-order-publications/when-your-partner-has-breast-cancer-bcc120,Breast Cancer Now
Working Together,https://breastcancernow.org/download-and-order-publications/working-together-to-support-people-affected-by-breast-cancer-bcn410,Breast Cancer Now
"Your body, intimacy and sex",https://breastcancernow.org/download-and-order-publications/your-body-intimacy-and-sex-bcc110,Breast Cancer Now
Your breast clinic appointment,https://breastcancernow.org/download-and-order-publications/your-breast-clinic-appointment-bcc70,Breast Cancer Now
Your guide to a well-fitting bra,https://breastcancernow.org/download-and-order-publications/your-guide-to-a-well-fitting-bra-bcc196,Breast Cancer Now
Your operation and recovery,https://breastcancernow.org/download-and-order-publications/your-operation-and-recovery-bcc151,Breast Cancer Now
Zoledronic acid,https://breastcancernow.org/download-and-order-publications/zoledronic-acid-for-primary-breast-cancer-bcc238,Breast Cancer Now
Bcc161 Understanding Your Results Web,https://breastcancernow.org/media-assets/idffxksm/bcc161-understanding-your-results-web.pdf,Breast Cancer Now
Bcc125 Vita Winter2025 Hr Web,https://breastcancernow.org/media-assets/zbqeblil/bcc125_vita-winter2025-hr-web.pdf,Breast Cancer Now
Bcc120 When Your Partner Has Breast Cancer Web Pdf,https://breastcancernow.org/media-assets/qp2pbmqa/bcc120-when-your-partner-has-breast-cancer-web-pdf.pdf,Breast Cancer Now
Bcn410 Working Together Booklet Final Web Ver,https://breastcancernow.org/media-assets/vihocttu/bcn410_working-together-booklet_final-web-ver.pdf,Breast Cancer Now
Bcc110 Your Body Intimacy And Sex Web V2,https://breastcancernow.org/media-assets/pfngbgrr/bcc110-your-body-intimacy-and-sex-web-v2.pdf,Breast Cancer Now
Bcc70 Your Breast Clinic Appointment Web,https://breastcancernow.org/media-assets/p1hndzan/bcc70-your-breast-clinic-appointment-web.pdf,Breast Cancer Now
Bcc196 Your Guide To A Well Fitting Bra Web,https://breastcancernow.org/media-assets/j1ylpmrc/bcc196-your-guide-to-a-well-fitting-bra-web.pdf,Breast Cancer Now
Bcc151 Your Operation And Recovery Web,https://breastcancernow.org/media-assets/fg4nihy2/bcc151-your-operation-and-recovery-web.pdf,Breast Cancer Now
Bcc238 Zoledronic Acid Web Pdf,https://breastcancernow.org/media-assets/3vnnvmq5/bcc238-zoledronic-acid-web-pdf.pdf,Breast Cancer Now
22026_10061.pdf,https://www.macmillan.org.uk/dfsmedia/1a6f23537f7f4519bb0cf14c45b2a629/22026-10061/MAC13612_E05_HealthyEating_20250805,MacMillan Care
MAC11616_E13_Breast+cancer_IntPDF_RP_20241009.pdf,https://www.macmillan.org.uk/dfsmedia/1a6f23537f7f4519bb0cf14c45b2a629/14884-source/mac11616-e13-understanding-breast-cancer-interactive-pdf,MacMillan Care
MAC12161_E05_late-effects_breast_cancer_20250404.pdf,https://www.macmillan.org.uk/dfsmedia/1a6f23537f7f4519bb0cf14c45b2a629/20605-10061/%20MAC12161_E05_late-effects_breast_cancer_20250404,MacMillan Care
MAC12515_Physical+activity_E06_IntPDF_02.pdf,https://www.macmillan.org.uk/dfsmedia/1a6f23537f7f4519bb0cf14c45b2a629/18459-10061/mac12515_physical-activity_E06_intpdf_02,MacMillan Care
MAC12870_DCIS_E05_IntPDF.pdf,https://www.macmillan.org.uk/dfsmedia/1a6f23537f7f4519bb0cf14c45b2a629/15014-10061/mac12870-dcis-e05-intpdf,MacMillan Care
MAC13614_E05_Building-up_diet_20250702.pdf,https://www.macmillan.org.uk/dfsmedia/1a6f23537f7f4519bb0cf14c45b2a629/21768-10061/MAC13614_E05_Building-up_diet_20250702,MacMillan Care
MAC14215+Worrying+about+cancer+coming+back+E04+Interactive+PDF.pdf,https://cdn.macmillan.org.uk/dfsmedia/1a6f23537f7f4519bb0cf14c45b2a629/15729-10061/mac14215-worrying-about-cancer-coming-back-e04-interactive-pdf,MacMillan Care
Understanding+breast+reconstruction.pdf,https://www.macmillan.org.uk/dfsmedia/1a6f23537f7f4519bb0cf14c45b2a629/11653-source/mac11660-breastreconstruction-e14-pdf,MacMillan Care
bcc36-secondary-breast-cancer-in-liver-2023-web-pdf.pdf,https://breastcancernow.org/media-assets/atgbxc3n/bcc36-secondary-breast-cancer-in-liver-2023-web-pdf.pdf,Breast Cancer Now
bcn410_working-together-booklet_final-web-ver_ellen-sadler.pdf,https://breastcancernow.org/media-assets/vihocttu/bcn410_working-together-booklet_final-web-ver_ellen-sadler.pdf,Breast Cancer Now
bcn704-about-breast-cancer-now-leaflet-2023-web.pdf,https://breastcancernow.org/media-assets/etpkjj3a/bcn704-about-breast-cancer-now-leaflet-2023-web.pdf,Breast Cancer Now
bcn_408_updated-moving-forward-booklet_final_ellen-sadler.pdf,https://breastcancernow.org/media-assets/cycblwbu/bcn_408_updated-moving-forward-booklet_final.pdf,Breast Cancer Now
2024_Your_treatment_record_web_1.pdf, https://publications.cancerresearchuk.org/cdn/shop/files/2024_Your_treatment_record_web_1.pdf?v=17164840167460240430, cancer reesarch UK
Your_guide_to_clinical_trials_-_downloadable_version.pdf, https://publications.cancerresearchuk.org/cdn/shop/files/Your_guide_to_clinical_trials_-_downloadable_version.pdf?v=17161908167484257552, Caner Care UK